{
    "pos_ratings_random_baseline": {
        "precision@10": 0.0003452625653963484,
        "recall@10": 0.00021264625946519223,
        "hit_rate@10": 0.003442574342015992,
        "ndcg@10": 0.0003481375831433581
    },
    "nonneg_ratings_random_baseline": {
        "precision@10": 0.00042849384413785543,
        "recall@10": 0.00016400029173700522,
        "hit_rate@10": 0.004245078548900614,
        "ndcg@10": 0.00037333875696915497
    },
    "all_ratings_random_baseline": {
        "precision@10": 0.0004608157334235723,
        "recall@10": 0.0001371174373234343,
        "hit_rate@10": 0.004558393216155423,
        "ndcg@10": 0.0003497243414572214
    }
}