experiment_id,dataset,seed,model_summary,optimizer,lr,momentum,weight_decay,epochs_trained,best_val_accuracy,best_val_loss
E1,EMNIST,42,256-128/ReLU,Adam,0.001,0.0,0.0,15,0.8435293079096046,0.4938265150886471
E2,EMNIST,42,256-128/ReLU/dropout,Adam,0.001,0.0,0.0,15,0.8455155367231638,0.4627007142467014
E3,EMNIST,42,256-128/ReLU/batchnorm,Adam,0.001,0.0,0.0,15,0.8489141949152542,0.45602713483201585
E4,EMNIST,42,256-128/batchnorm,Adam,0.001,0.0,0.0,11,0.8491790254237288,0.4560175215625494
O1,EMNIST,42,256-128 dropout,Adam,0.1,0.0,0.0,6,0.02131885593220339,3.859584463518218
O2,EMNIST,42,256-128 dropout,Adam,1e-05,0.0,0.0,6,0.4696327683615819,2.312787795470933
O3,EMNIST,42,256-128 dropout,SGD,0.01,0.9,0.0001,12,0.8228725282485876,0.5362525238829144
